{
  "count" : 3,
  "next" : "",
  "previous" : "",
  "list" : [ {
    "documentId" : "ea103a4e-3371-4767-a2dc-68e0c55bc49a",
    "name" : "document1",
    "type" : "HOWTO",
    "summary" : "sample inline document",
    "sourceType" : "INLINE",
    "sourceUrl" : null,
    "otherTypeName" : null,
    "visibility" : "API_LEVEL"
  }, {
    "documentId" : "04896aa4-9ebe-4a4f-8d2d-4045c33b28e3",
    "name" : "document2",
    "type" : "HOWTO",
    "summary" : "sample URL document",
    "sourceType" : "URL",
    "sourceUrl" : "https://docs.wso2.com/display/AM1100/apidocs/publisher/index.html#guide",
    "otherTypeName" : null,
    "visibility" : "API_LEVEL"
  }, {
    "documentId" : "c047f7f2-0d6a-4244-a169-ee12ec63b3a6",
    "name" : "doocument 3",
    "type" : "HOWTO",
    "summary" : "sample File document",
    "sourceType" : "FILE",
    "sourceUrl" : null,
    "otherTypeName" : null,
    "visibility" : "API_LEVEL"
  } ]
}