{
  "id" : "08908a24-719e-4946-aa4a-3933ae69e783",
  "name" : "calculatorAPI",
  "description" : "sample API",
  "context" : "/calculator",
  "version" : "2.0",
  "provider" : "admin",
  "apiDefinition" : "{\"paths\":{\"\\/*\":{\"post\":{\"x-auth-type\":\"Application & Application User\",\"responses\":{\"200\":{\"description\":\"OK\"}},\"parameters\":[{\"schema\":{\"type\":\"string\"},\"in\":\"body\",\"name\":\"SOAP Request\",\"description\":\"SOAP request.\",\"required\":true},{\"in\":\"header\",\"name\":\"SOAPAction\",\"description\":\"SOAPAction header for soap 1.1\",\"type\":\"string\",\"required\":false}],\"x-throttling-tier\":\"Unlimited\"}}},\"produces\":[\"text\\/xml\",\"application\\/soap+xml\"],\"swagger\":\"2.0\",\"consumes\":[\"text\\/xml\",\"application\\/soap+xml\"],\"info\":{\"description\":\"sample API\",\"title\":\"calculatorAPI\",\"version\":\"2.0\"}}",
  "wsdlUri" : "/registry/resource/_system/governance/apimgt/applicationdata/wsdls/admin--calculatorAPI1.0.wsdl",
  "status" : "CREATED",
  "responseCaching" : "Disabled",
  "cacheTimeout" : 300,
  "destinationStatsEnabled" : null,
  "isDefaultVersion" : false,
  "transport" : [ "http", "https" ],
  "tags" : [ "cal" ],
  "tiers" : [ "Bronze" ],
  "maxTps" : null,
  "thumbnailUri" : "/apis/08908a24-719e-4946-aa4a-3933ae69e783/thumbnail",
  "visibility" : "PUBLIC",
  "visibleRoles" : [ ],
  "visibleTenants" : [ ],
  "endpointConfig" : "{\"production_endpoints\":{\"url\":\"https://svn.apache.org/repos/asf/airavata/sandbox/xbaya-web/test/Calculator.wsdl\",\"config\":null,\"template_not_supported\":false},\"endpoint_type\":\"http\"}",
  "endpointSecurity" : null,
  "gatewayEnvironments" : "Production and Sandbox",
  "sequences" : [ ],
  "subscriptionAvailability" : null,
  "subscriptionAvailableTenants" : [ ],
  "businessInformation" : {
    "businessOwnerEmail" : null,
    "technicalOwnerEmail" : null,
    "technicalOwner" : null,
    "businessOwner" : null
  },
  "corsConfiguration" : {
    "accessControlAllowOrigins" : [ "*" ],
    "accessControlAllowHeaders" : [ "authorization", "Access-Control-Allow-Origin", "Content-Type", "SOAPAction" ],
    "accessControlAllowMethods" : [ "GET", "PUT", "POST", "DELETE", "PATCH", "OPTIONS" ],
    "accessControlAllowCredentials" : false,
    "corsConfigurationEnabled" : false
  }
}