{
  "count" : 2,
  "next" : "",
  "previous" : "",
  "list" : [ {
    "documentId" : "1c252852-be3d-45ce-bed7-faa0a7891017",
    "name" : "Inline doc",
    "type" : "HOWTO",
    "summary" : "sample inline ",
    "sourceType" : "INLINE",
    "sourceUrl" : null,
    "otherTypeName" : null,
    "visibility" : "API_LEVEL"
  }, {
    "documentId" : "cb35795d-c9a3-4f65-96fc-2d687e2d3684",
    "name" : "url document ",
    "type" : "HOWTO",
    "summary" : "sample url",
    "sourceType" : "URL",
    "sourceUrl" : "http://stackoverflow.com/questions/11496040/how-should-resources-in-a-compiled-jar-be-accessed",
    "otherTypeName" : null,
    "visibility" : "API_LEVEL"
  } ]
}