{
  "id" : "be73085d-39d2-4836-9fcc-eb5c97139a17",
  "name" : "calculatorAPI",
  "description" : "sample API",
  "context" : "/calculator",
  "version" : "1.0",
  "provider" : "admin",
  "apiDefinition" : "{\"paths\":{\"/*\":{\"post\":{\"parameters\":[{\"schema\":{\"type\":\"string\"},\"description\":\"SOAP request.\",\"name\":\"SOAP Request\",\"required\":true,\"in\":\"body\"},{\"description\":\"SOAPAction header for soap 1.1\",\"name\":\"SOAPAction\",\"type\":\"string\",\"required\":false,\"in\":\"header\"}],\"responses\":{\"200\":{\"description\":\"OK\"}},\"x-auth-type\":\"Application & Application User\",\"x-throttling-tier\":\"Unlimited\"}}},\"swagger\":\"2.0\",\"consumes\":[\"text/xml\",\"application/soap+xml\"],\"produces\":[\"text/xml\",\"application/soap+xml\"],\"info\":{\"title\":\"calculatorAPI\",\"version\":\"1.0\",\"description\":\"sample API\"}}",
  "wsdlUri" : "/registry/resource/_system/governance/apimgt/applicationdata/wsdls/admin--calculatorAPI1.0.wsdl",
  "status" : "PUBLISHED",
  "responseCaching" : "Disabled",
  "cacheTimeout" : 300,
  "destinationStatsEnabled" : null,
  "isDefaultVersion" : false,
  "transport" : [ "http", "https" ],
  "tags" : [ "calculator" ],
  "tiers" : [ "Silver" ],
  "maxTps" : null,
  "thumbnailUri" : "/apis/be73085d-39d2-4836-9fcc-eb5c97139a17/thumbnail",
  "visibility" : "PUBLIC",
  "visibleRoles" : [ ],
  "visibleTenants" : [ ],
  "endpointConfig" : "{\"production_endpoints\":{\"url\":\"https://svn.apache.org/repos/asf/airavata/sandbox/xbaya-web/test/Calculator.wsdl\",\"endpoint_type\":\"http\",\"template_not_supported\":false},\"sandbox_endpoints\":{\"url\":\"https://svn.apache.org/repos/asf/airavata/sandbox/xbaya-web/test/Calculator.wsdl\",\"endpoint_type\":\"http\",\"template_not_supported\":false},\"endpoint_type\":\"http\"}",
  "endpointSecurity" : null,
  "gatewayEnvironments" : "Production and Sandbox",
  "sequences" : [ {
    "name" : "json_to_xml_in_message",
    "config" : null,
    "type" : "in"
  }, {
    "name" : "json_to_xml_out_message",
    "config" : null,
    "type" : "out"
  } ],
  "subscriptionAvailability" : null,
  "subscriptionAvailableTenants" : [ ],
  "businessInformation" : {
    "businessOwnerEmail" : null,
    "technicalOwnerEmail" : null,
    "technicalOwner" : null,
    "businessOwner" : null
  },
  "corsConfiguration" : {
    "accessControlAllowOrigins" : [ "*" ],
    "accessControlAllowHeaders" : [ "authorization", "Access-Control-Allow-Origin", "Content-Type", "SOAPAction" ],
    "accessControlAllowMethods" : [ "GET", "PUT", "POST", "DELETE", "PATCH", "OPTIONS" ],
    "accessControlAllowCredentials" : false,
    "corsConfigurationEnabled" : false
  }
}