{
  "count" : 4,
  "next" : "",
  "previous" : "",
  "list" : [ {
    "documentId" : "27fdeacd-1fec-42ee-9ebc-b589ec52ae4d",
    "name" : "document inline",
    "type" : "HOWTO",
    "summary" : "sample inline",
    "sourceType" : "INLINE",
    "sourceUrl" : null,
    "otherTypeName" : null,
    "visibility" : "API_LEVEL"
  }, {
    "documentId" : "a7a6dbfb-2ad7-42aa-b808-4fb391c2e436",
    "name" : "myFile",
    "type" : "HOWTO",
    "summary" : "saomrkkkck",
    "sourceType" : "FILE",
    "sourceUrl" : null,
    "otherTypeName" : null,
    "visibility" : "API_LEVEL"
  }, {
    "documentId" : "0ad7b0ed-72ca-4cbc-9826-5c79370c2fb4",
    "name" : "quota",
    "type" : "HOWTO",
    "summary" : "myFile type sample",
    "sourceType" : "FILE",
    "sourceUrl" : null,
    "otherTypeName" : null,
    "visibility" : "API_LEVEL"
  }, {
    "documentId" : "0af1cd47-8557-41dc-a25d-eb65328b2174",
    "name" : "myPDF",
    "type" : "HOWTO",
    "summary" : "sample pdf docc",
    "sourceType" : "FILE",
    "sourceUrl" : null,
    "otherTypeName" : null,
    "visibility" : "API_LEVEL"
  } ]
}